key,author,short,year,title,url,doi,venue,status,access,design,outcome,finding,limit,locator,role
fang2025,"Fang, Cathy Mengying and Liu, Auren R. and Danry, Valdemar and Lee, Eunhae and Chan, Samantha W. T. and Pataranutaporn, Pat and Maes, Pattie and Phang, Jason and Lampe, Michael and Ahmad, Lama and Agarwal, Sandhini",Fang et al.,2025,How AI and Human Behaviors Shape Psychosocial Effects of Extended Chatbot Use: A Longitudinal Randomized Controlled Study,https://arxiv.org/html/2503.17473v2,10.48550/arXiv.2503.17473,"arXiv preprint, version 2","Preprint; v2, 2 October 2025",Full text,Four-week randomized comparison of chatbot modes and topics; n=981,"Loneliness, socialization, dependence, problematic use",Revised abstract reports no significant assigned-condition effects; heavier voluntary use is associated with worse outcomes.,Usage intensity was not randomized; socialization is not a count of requests to friends.,Abstract; Results; experimental design,Adjacent causal evidence
guingrich2025,"Guingrich, Rose E. and Graziano, Michael S. A.",Guingrich & Graziano,2025,A Longitudinal Randomized Control Study of Companion Chatbot Use: Anthropomorphism and Its Mediating Role on Social Impacts,https://arxiv.org/html/2509.19515v3,10.48550/arXiv.2509.19515,"arXiv preprint, version 3","Preprint; v3, 13 October 2025",Full text,21-day randomized chatbot versus word-game comparison; n=183,"Social health, loneliness, perceived relationship impacts",No overall significant condition differences; perceived impacts vary with anthropomorphism.,Perceived impact is not observed outreach; magnitude and direction of impact differ.,Methods: Social Impact; Results; Appendix A,Adjacent causal evidence
chandra2025,"Chandra, Mohit and Hernandez, Javier and Ramos, Gonzalo and Ershadi, Mahsa and Bhattacharjee, Ananya and Amores, Judith and Okoli, Ebele and Paradiso, Ann and Warreth, Shahed and Suh, Jina",Chandra et al.,2025,Longitudinal Study on Social and Emotional Use of AI Conversational Agent,https://arxiv.org/html/2504.14112v1,10.48550/arXiv.2504.14112,arXiv preprint,"Preprint; v1, April 2025",Full text,Five-week exploratory active-use versus usual-use groups; n=149,"Attachment, perceived empathy, comfort seeking AI support",Active users reported increased attachment and greater comfort seeking support from AI.,AI comfort does not establish reduced human outreach; recruitment and retention limit inference.,Methods 2.1; Results 3.1.5; Limitations 4.4,Mechanism context
defreitas2025,"De Freitas, Julian and O{\u{g}}uz-U{\u{g}}uralp, Zeliha and U{\u{g}}uralp, Ahmet Kaan and Puntoni, Stefano",De Freitas et al.,2025,AI Companions Reduce Loneliness,https://www.hbs.edu/ris/Publication%20Files/AI%20Companions%20Reduce%20Loneliness%2011.7.2025_57451c02-8047-4e0d-abfc-55841f64166d.pdf,10.1093/jcr/ucaf040,Journal of Consumer Research,"Published; advance access 2025, issue 2026","Full text, author-hosted published version","Multi-study paper: reviews, experiments, one-week longitudinal study",Momentary loneliness and feeling heard,Chatbot interactions can reduce momentary loneliness; this does not establish lasting relief between interactions.,Loneliness relief and substitution of human requests are distinct outcomes.,"Studies 2–5; General Discussion, author PDF p.19",Outcome distinction
meng2021,"Meng, Jingbo and Dai, Yue Nancy",Meng & Dai,2021,Emotional Support from AI Chatbots: Should a Supportive Partner Self-Disclose or Not?,https://scholars.cityu.edu.hk/en/publications/emotional-support-from-ai-chatbots-should-a-supportive-partner-se/,10.1093/jcmc/zmab005,Journal of Computer-Mediated Communication,"Published; 26(4), 207–222",Institutional abstract and metadata; PDF retrieval failed,"Online experiment varying source, support, and self-disclosure",Stress and worry reduction; perceived supportiveness,Support effects depend on the partner and reciprocal self-disclosure.,Immediate distress relief does not measure later contact with friends.,Institutional abstract; methods not independently inspected,Mechanism context
meng2025,"Meng, Jingbo and Zhang, Renwen and Qin, Jiaqi and Lee, Yu-Jen and Lee, Yi-Chieh",Meng et al.,2025,AI-mediated social support: the prospect of human--AI collaboration,https://academic.oup.com/jcmc/article/30/4/zmaf013/8200809,10.1093/jcmc/zmaf013,Journal of Computer-Mediated Communication,"Published; 30(4), zmaf013",Full text,Study of human/AI support-message production and evaluation,"Message features, helpfulness, authenticity",Patterns of human–AI collaboration are associated with different message features and evaluations.,Support provision is not the same as a seeker contacting an existing friend.,Abstract; process-adoption model; Discussion,"Bridging context, not a bridging estimate"
young2024,"Young, Jordyn and Jawara, Laala M. and Nguyen, Diep N. and Daly, Brian and Huh-Yoo, Jina and Razi, Afsaneh",Young et al.,2024,The Role of AI in Peer Support for Young People: A Study of Preferences for Human- and AI-Generated Responses,https://arxiv.org/html/2405.02711v1,10.48550/arXiv.2405.02711,arXiv manuscript,arXiv version reviewed; venue status not independently verified,Full text,Survey evaluating blinded support responses; n=622,"Response preferences, helpfulness, willingness to send",Evaluations differ by response source and topic; AI responses were preferred for several topics.,Rating supplied messages does not show subsequent human support-seeking.,Methods 3.2; Results 4.1,Outcome distinction
skjuve2021,"Skjuve, Marita and F{\o}lstad, Asbj{\o}rn and Fostervold, Knut Inge and Brandtz{\ae}g, Petter Bae",Skjuve et al.,2021,My Chatbot Companion -- a Study of Human-Chatbot Relationships,https://www.sintef.no/en/publications/publication/0198cc8570c8-9e3222db-61c3-4a0e-a6a5-115f3f7b1a33/,10.1016/j.ijhcs.2021.102601,International Journal of Human-Computer Studies,"Published; 149, 102601",Institutional abstract and metadata; full-text redirect unavailable,Interviews with 18 people who developed Replika friendships,Relationship development and perceived social consequences,Participants described valued chatbot relationships and mixed wider social effects.,Selected users and retrospective accounts do not identify a population causal effect.,Institutional abstract,Qualitative mechanism context
ueda2026,"Ueda, Michiko and Birnbaum, Michael L. and Liu, Yanhong and Yu, Qingyi and Tian, Xihe and Mirer, Anna and Ramanathan, Seethalakshmi and Sinyor, Mark",Ueda et al.,2026,Help-Seeking in the Age of AI: Cross-Sectional Survey of the Use and Perceptions of AI-Based Mental Health Support Among US Adults,https://mental.jmir.org/2026/1/e88196/,10.2196/88196,JMIR Mental Health,"Published; 2026, e88196",Full text,Cross-sectional survey of US adults; n=1805,Use and attitudes toward AI and professional support,AI users held more favorable attitudes to AI support; attitudes toward human counselors did not vary by AI-use status.,Professional help is outside the primary outcome; attitudes and associations are not behavioral effects.,Results: attitudes; Discussion,Boundary case; excluded from informal-support synthesis
